{"cameraMode":{"drawMode":0,"name":"Shaded","section":"Shading Mode"},"sceneLighting":true,"audioPlay":false,"sceneViewState":{"showFog":true,"showMaterialUpdate":false,"showSkybox":true,"showFlares":true,"showImageEffects":true,"showParticleSystems":true},"in2DMode":false,"pivot":{"x":0.4701509475708008,"y":2.5681095123291017,"z":-0.5595264434814453},"rotation":{"x":0.03773995488882065,"y":0.9505794644355774,"z":-0.12796205282211305,"w":0.2803572416305542},"size":5.257884502410889,"orthographic":false}